{"40.242 Derivative Pricing and Risk Management": ["esd", "esd", "esd", "business", "analytics", "operations", "research", "business", "analytics", "operations", "research", "financial", "services", "financial", "services", "financial", "services", "financial", "technology", "balance", "learnt", "stock", "pricing", "pricing", "istd", "arbitrage", "derivative", "use", "hedge", "hedge", "risk", "python", "option", "option", "monte", "carlo", "simulation", "blackscholes", "excel", "black", "scholes", "rate", "esd", "esd", "esd", "business", "analytics", "operations", "research", "business", "analytics", "operations", "research", "financial", "services", "financial", "services", "financial", "services", "financial", "technology", "balance", "learnt", "stock", "pricing", "pricing", "istd", "arbitrage", "derivative", "use", "hedge", "hedge", "risk", "python", "option", "option", "monte", "carlo", "simulation", "blackscholes", "excel", "black", "scholes", "rate"], "40.260 Supply Chain Management": ["esd", "esd", "business", "analytics", "operations", "research", "focus", "track", "customized", "focus", "track", "excel", "linear", "program", "heuristic", "esd", "esd", "business", "analytics", "operations", "research", "focus", "track", "customized", "focus", "track", "excel", "linear", "program", "heuristic"], "40.302 Advanced Optim/ 40.305 Advanced Stochastic": ["esd", "business", "analytics", "operations", "research", "gurobi", "esd", "business", "analytics", "operations", "research", "gurobi"], "40.316 Game Theory": ["esd", "esd", "esd", "esd", "esd", "esd", "esd", "esd", "esd", "esd", "business", "analytics", "operations", "research", "business", "analytics", "operations", "research", "business", "analytics", "operations", "research", "business", "analytics", "operations", "research", "business", "analytics", "operations", "research", "business", "analytics", "operations", "research", "business", "analytics", "operations", "research", "business", "analytics", "operations", "research", "business", "analytics", "operations", "research", "business", "analytics", "operations", "research", "financial", "services", "financial", "services", "ai", "data", "analytics", "nash", "nash", "nash", "nash", "eqbm", "model", "day", "day", "interaction", "business", "operatios", "political", "campaign", "game", "game", "game", "decide", "decide", "equilibrium", "equilibrium", "equilibrium", "outcome", "outcome", "lot", "assumption", "involve", "hit", "ne", "particular", "moblab", "rig", "winnable", "luck", "player", "player", "equally", "smart", "want", "social", "optimum", "selfish", "screw", "team", "learn", "consider", "perspective", "people", "", "rationale", "chocies", "strategic", "think", "logic", "formulate", "esd", "esd", "esd", "esd", "esd", "esd", "esd", "esd", "esd", "esd", "business", "analytics", "operations", "research", "business", "analytics", "operations", "research", "business", "analytics", "operations", "research", "business", "analytics", "operations", "research", "business", "analytics", "operations", "research", "business", "analytics", "operations", "research", "business", "analytics", "operations", "research", "business", "analytics", "operations", "research", "business", "analytics", "operations", "research", "business", "analytics", "operations", "research", "financial", "services", "financial", "services", "ai", "data", "analytics", "nash", "nash", "nash", "nash", "eqbm", "model", "day", "day", "interaction", "business", "operatios", "political", "campaign", "game", "game", "game", "decide", "decide", "equilibrium", "equilibrium", "equilibrium", "outcome", "outcome", "lot", "assumption", "involve", "hit", "ne", "particular", "moblab", "rig", "winnable", "luck", "player", "player", "equally", "smart", "want", "social", "optimum", "selfish", "screw", "team", "learn", "consider", "perspective", "people", "", "rationale", "chocies", "strategic", "think", "logic", "formulate"], "40.317 Financial Systems Design": ["esd", "esd", "business", "analytics", "operations", "research", "business", "analytics", "operations", "research", "financial", "services", "financial", "services", "financial", "technology", "istd", "python", "python", "game", "learn", "design", "simple", "financial", "package", "zeromq", "zeromq", "trading", "multithreading", "server", "esd", "esd", "business", "analytics", "operations", "research", "business", "analytics", "operations", "research", "financial", "services", "financial", "services", "financial", "technology", "istd", "python", "python", "game", "learn", "design", "simple", "financial", "package", "zeromq", "zeromq", "trading", "multithreading", "server"], "40.318 Supply Chain Digitalisation and Design": [], "40.319 Statistical and Machine Learning": ["esd", "esd", "esd", "esd", "esd", "esd", "esd", "esd", "esd", "esd", "esd", "esd", "business", "analytics", "operations", "research", "business", "analytics", "operations", "research", "business", "analytics", "operations", "research", "business", "analytics", "operations", "research", "business", "analytics", "operations", "research", "business", "analytics", "operations", "research", "business", "analytics", "operations", "research", "business", "analytics", "operations", "research", "business", "analytics", "operations", "research", "business", "analytics", "operations", "research", "financial", "services", "financial", "services", "financial", "services", "focus", "track", "customized", "focus", "track", "ai", "data", "analytics", "learnt", "python", "python", "python", "python", "python", "learn", "learn", "learn", "learn", "learn", "package", "regression", "pytorch", "pytorch", "pytorch", "pytorch", "hmm", "alot", "theory", "", "forgot", "love", "nd", "nd", "half", "half", "class", "", "youtube", "jk", "digestable", "wide", "real", "world", "application", "", "favourite", "topic", "multiarmed", "bandit", "expose", "concept", "reinforcement", "capstone", "machine", "deep", "implement", "element", "statistical", "different", "type", "algorithm", "esd", "esd", "esd", "esd", "esd", "esd", "esd", "esd", "esd", "esd", "esd", "esd", "business", "analytics", "operations", "research", "business", "analytics", "operations", "research", "business", "analytics", "operations", "research", "business", "analytics", "operations", "research", "business", "analytics", "operations", "research", "business", "analytics", "operations", "research", "business", "analytics", "operations", "research", "business", "analytics", "operations", "research", "business", "analytics", "operations", "research", "business", "analytics", "operations", "research", "financial", "services", "financial", "services", "financial", "services", "focus", "track", "customized", "focus", "track", "ai", "data", "analytics", "learnt", "python", "python", "python", "python", "python", "learn", "learn", "learn", "learn", "learn", "package", "regression", "pytorch", "pytorch", "pytorch", "pytorch", "hmm", "alot", "theory", "", "forgot", "love", "nd", "nd", "half", "half", "class", "", "youtube", "jk", "digestable", "wide", "real", "world", "application", "", "favourite", "topic", "multiarmed", "bandit", "expose", "concept", "reinforcement", "capstone", "machine", "deep", "implement", "element", "statistical", "different", "type", "algorithm"], "40.320 Airport Systems Planning and Design": [], "40.321 Airport Systems Modelling and Simulation": [], "40.323 Equity Valuation": ["esd", "financial", "services", "model", "financial", "esd", "financial", "services", "model", "financial"], "40.324 Fundamentals of Investing": ["financial", "technology", "stock", "pitch", "pricing", "pricing", "istd", "arbitrage", "financial", "statement", "accounting", "bond", "financial", "technology", "stock", "pitch", "pricing", "pricing", "istd", "arbitrage", "financial", "statement", "accounting", "bond"], "50.006 User Interface Design and Implementation": ["data", "analytics", "data", "analytics", "data", "analytics", "istd", "istd", "istd", "heuristic", "design", "design", "design", "wireframing", "ui", "ui", "evaluation", "prototyping", "prototyping", "user", "user", "user", "analysis", "uiux", "figma", "work", "annoy", "teammate", "soft", "experience", "interview", "data", "analytics", "data", "analytics", "data", "analytics", "istd", "istd", "istd", "heuristic", "design", "design", "design", "wireframing", "ui", "ui", "evaluation", "prototyping", "prototyping", "user", "user", "user", "analysis", "uiux", "figma", "work", "annoy", "teammate", "soft", "experience", "interview"], "50.007 Machine Learning": ["ai", "ai", "data", "analytics", "data", "analytics", "data", "analytics", "data", "analytics", "data", "analytics", "data", "analytics", "financial", "technology", "security", "math", "learnt", "istd", "istd", "istd", "istd", "istd", "istd", "istd", "istd", "python", "python", "python", "python", "python", "learn", "learn", "learn", "learn", "machine", "machine", "machine", "algorithm", "algorithm", "useful", "ml", "perceptron", "cnn", "implementation", "neural", "network", "cod", "ai", "ai", "data", "analytics", "data", "analytics", "data", "analytics", "data", "analytics", "data", "analytics", "data", "analytics", "financial", "technology", "security", "math", "learnt", "istd", "istd", "istd", "istd", "istd", "istd", "istd", "istd", "python", "python", "python", "python", "python", "learn", "learn", "learn", "learn", "machine", "machine", "machine", "algorithm", "algorithm", "useful", "ml", "perceptron", "cnn", "implementation", "neural", "network", "cod"], "50.017 Graphics and Visualisation": ["data", "analytics", "perform", "math", "istd", "model", "model", "model", "learn", "different", "render", "graphical", "opengl", "c", "shape", "mapping", "dimension", "", "d", "d", "data", "analytics", "perform", "math", "istd", "model", "model", "model", "learn", "different", "render", "graphical", "opengl", "c", "shape", "mapping", "dimension", "", "d", "d"], "50.020 Network Security": ["security", "learnt", "learnt", "istd", "lot", "work", "network", "network", "secure", "stack", "actually", "large", "security", "learnt", "learnt", "istd", "lot", "work", "network", "network", "secure", "stack", "actually", "large"], "50.021 Artificial Intelligence": ["esd", "esd", "esd", "esd", "esd", "esd", "esd", "esd", "business", "analytics", "operations", "research", "business", "analytics", "operations", "research", "business", "analytics", "operations", "research", "business", "analytics", "operations", "research", "business", "analytics", "operations", "research", "business", "analytics", "operations", "research", "financial", "services", "focus", "track", "customized", "focus", "track", "ai", "ai", "ai", "data", "analytics", "data", "analytics", "data", "analytics", "data", "analytics", "data", "analytics", "istd", "istd", "istd", "istd", "python", "python", "python", "python", "python", "think", "algorithm", "algorithm", "algorithm", "algorithm", "algorithm", "dfs", "ai", "ai", "ai", "search", "search", "search", "search", "search", "algo", "construction", "development", "esd", "esd", "esd", "esd", "esd", "esd", "esd", "esd", "business", "analytics", "operations", "research", "business", "analytics", "operations", "research", "business", "analytics", "operations", "research", "business", "analytics", "operations", "research", "business", "analytics", "operations", "research", "business", "analytics", "operations", "research", "financial", "services", "focus", "track", "customized", "focus", "track", "ai", "ai", "ai", "data", "analytics", "data", "analytics", "data", "analytics", "data", "analytics", "data", "analytics", "istd", "istd", "istd", "istd", "python", "python", "python", "python", "python", "think", "algorithm", "algorithm", "algorithm", "algorithm", "algorithm", "dfs", "ai", "ai", "ai", "search", "search", "search", "search", "search", "algo", "construction", "development"], "50.033 Foundations of Game Design and Development": ["data", "analytics", "data", "analytics", "data", "analytics", "financial", "technology", "istd", "istd", "istd", "istd", "game", "game", "game", "game", "design", "design", "element", "c", "c", "development", "unity", "unity", "unity", "history", "data", "analytics", "data", "analytics", "data", "analytics", "financial", "technology", "istd", "istd", "istd", "istd", "game", "game", "game", "game", "design", "design", "element", "c", "c", "development", "unity", "unity", "unity", "history"], " 50.035 Computer Vision": ["ai", "ai", "data", "analytics", "data", "analytics", "data", "analytics", "data", "analytics", "financial", "technology", "istd", "istd", "istd", "istd", "istd", "python", "python", "python", "pytorch", "cnn", "neural", "network", "edge", "detection", "detection", "filter", "opencv", "opencv", "kera", "kera", "kera", "kera", "tensorflow", "tensorflow", "convolution", "yolo", "classification", "darknet", "ai", "ai", "data", "analytics", "data", "analytics", "data", "analytics", "data", "analytics", "financial", "technology", "istd", "istd", "istd", "istd", "istd", "python", "python", "python", "pytorch", "cnn", "neural", "network", "edge", "detection", "detection", "filter", "opencv", "opencv", "kera", "kera", "kera", "kera", "tensorflow", "tensorflow", "convolution", "yolo", "classification", "darknet"], "50.037 Blockchain Technology": ["data", "analytics", "security", "istd", "istd", "smart", "learn", "cryptocurrency", "contract", "bitcoin", "blockchain", "distribute", "", "encryption", "data", "analytics", "security", "istd", "istd", "smart", "learn", "cryptocurrency", "contract", "bitcoin", "blockchain", "distribute", "", "encryption"], "50.038 Computational Data Science": ["ai", "ai", "data", "analytics", "data", "analytics", "data", "analytics", "data", "analytics", "data", "analytics", "data", "analytics", "istd", "istd", "istd", "istd", "istd", "istd", "python", "python", "cnn", "kera", "kera", "kera", "kera", "classification", "data", "data", "visualization", "library", "scikitlearn", "visualisation", "electronics", "ic", "chip", "jsim", "appreciation", "modern", "compute", "hardware", "ai", "ai", "data", "analytics", "data", "analytics", "data", "analytics", "data", "analytics", "data", "analytics", "data", "analytics", "istd", "istd", "istd", "istd", "istd", "istd", "python", "python", "cnn", "kera", "kera", "kera", "kera", "classification", "data", "data", "visualization", "library", "scikitlearn", "visualisation", "electronics", "ic", "chip", "jsim", "appreciation", "modern", "compute", "hardware"], "50.039 Theory and Practice of Deep Learning": ["esd", "focus", "track", "customized", "focus", "track", "ai", "ai", "data", "analytics", "data", "analytics", "data", "analytics", "istd", "istd", "istd", "python", "python", "python", "pytorch", "pytorch", "pytorch", "pytorch", "neural", "neural", "network", "network", "convolution", "data", "visualisation", "recurrent", "initialisation", "dataloader", "esd", "focus", "track", "customized", "focus", "track", "ai", "ai", "data", "analytics", "data", "analytics", "data", "analytics", "istd", "istd", "istd", "python", "python", "python", "pytorch", "pytorch", "pytorch", "pytorch", "neural", "neural", "network", "network", "convolution", "data", "visualisation", "recurrent", "initialisation", "dataloader"], "50.040 Natural Language Processing": ["esd", "esd", "financial", "services", "focus", "track", "customized", "focus", "track", "data", "analytics", "istd", "python", "python", "pytorch", "cod", "data", "nlp", "nlp", "management", "nltk", "esd", "esd", "financial", "services", "focus", "track", "customized", "focus", "track", "data", "analytics", "istd", "python", "python", "pytorch", "cod", "data", "nlp", "nlp", "management", "nltk"], "50.041 Distributed Systems and Computing": ["data", "analytics", "security", "learnt", "istd", "istd", "development", "pain", "ensure", "consistency", "fault", "tolerance", "java", "software", "teamwork", "data", "analytics", "security", "learnt", "istd", "istd", "development", "pain", "ensure", "consistency", "fault", "tolerance", "java", "software", "teamwork"], "50.042 Foundations of Cybersecurity": ["security", "istd", "learn", "crypto", "security", "istd", "learn", "crypto"], "50.043 Database Systems / Database and Big Data Systems (for class 2021)": ["ai", "ai", "data", "analytics", "data", "analytics", "data", "analytics", "data", "analytics", "data", "analytics", "data", "analytics", "financial", "technology", "security", "istd", "istd", "istd", "istd", "istd", "istd", "istd", "istd", "python", "python", "learn", "development", "devops", "relational", "algebra", "mysql", "mysql", "mysql", "mongodb", "mongodb", "mongodb", "flask", "reactjs", "hadoop", "hadoop", "hadoop", "spark", "spark", "intro", "aws", "aws", "aws", "cloud", "service", "sql", "sql", "sql", "sql", "mapreduce", "pyspark", "map", "reduce", "javascript", "javascript", "nosql", "mongo", "s", "ec", "react", "node", "automation", "script", "database", "web", "ai", "ai", "data", "analytics", "data", "analytics", "data", "analytics", "data", "analytics", "data", "analytics", "data", "analytics", "financial", "technology", "security", "istd", "istd", "istd", "istd", "istd", "istd", "istd", "istd", "python", "python", "learn", "development", "devops", "relational", "algebra", "mysql", "mysql", "mysql", "mongodb", "mongodb", "mongodb", "flask", "reactjs", "hadoop", "hadoop", "hadoop", "spark", "spark", "intro", "aws", "aws", "aws", "cloud", "service", "sql", "sql", "sql", "sql", "mapreduce", "pyspark", "map", "reduce", "javascript", "javascript", "nosql", "mongo", "s", "ec", "react", "node", "automation", "script", "database", "web"], "50.044 System Security": ["security", "istd", "learn", "reverse", "engineering", "far", "security", "istd", "learn", "reverse", "engineering", "far"], "50.045 Information Retrieval": ["esd", "esd", "business", "analytics", "operations", "research", "business", "analytics", "operations", "research", "ai", "ai", "data", "analytics", "data", "analytics", "data", "analytics", "istd", "istd", "istd", "python", "python", "python", "pytorch", "implementation", "sklearn", "document", "rank", "tfidf", "tfidf", "embed", "matrix", "index", "esd", "esd", "business", "analytics", "operations", "research", "business", "analytics", "operations", "research", "ai", "ai", "data", "analytics", "data", "analytics", "data", "analytics", "istd", "istd", "istd", "python", "python", "python", "pytorch", "implementation", "sklearn", "document", "rank", "tfidf", "tfidf", "embed", "matrix", "index"], "50.046 Cloud Computing and Internet of Things": ["data", "analytics", "istd", "electronics", "aws", "iot", "esp", "raspberry", "pi", "data", "analytics", "istd", "electronics", "aws", "iot", "esp", "raspberry", "pi"]}