user_id,name,username,email
1,Gugun Andriawan,username0,username0@ayohealthy.id
4,Mikey,username4,username4@ayohealthy.id
5,BrutusSmith,username5,username5@ayohealthy.id
6,Guts,username6,username6@ayohealthy.id
9,Imam Septian,username9,username9@ayohealthy.id
10,Intan,username10,username10@ayohealthy.id
11,ffachra,username11,username11@ayohealthy.id
12,Toji,username12,username12@ayohealthy.id
13,Burhan,username13,username13@ayohealthy.id
14,Burhan udin,username14,username14@ayohealthy.id
15,Ulya Karimah,username15,username15@ayohealthy.id
16,Farahdiba,username16,username16@ayohealthy.id
17,Cantekk,username17,username17@ayohealthy.id
18,Vina,username18,username18@ayohealthy.id
19,Yunita,username19,username19@ayohealthy.id
20,lalala,username20,username20@ayohealthy.id
21,Zubairi Yahya,username21,username21@ayohealthy.id
22,Agung,username22,username22@ayohealthy.id
23,Adla,username23,username23@ayohealthy.id
24,Junaidi,username24,username24@ayohealthy.id
25,Calvin,username25,username25@ayohealthy.id
26,Icha,username26,username26@ayohealthy.id
27,Michaella,username27,username27@ayohealthy.id
28,Yudi Permana,username28,username28@ayohealthy.id
29,Tri Kuncoro,username29,username29@ayohealthy.id
30,Wayne,username30,username30@ayohealthy.id
31,Pandhu,username31,username31@ayohealthy.id
32,Rakesh,username32,username32@ayohealthy.id
33,Lily,username33,username33@ayohealthy.id
34,Ghisma,username34,username34@ayohealthy.id
35,Andi Mekka,username35,username35@ayohealthy.id
36,Niko,username36,username36@ayohealthy.id
37,Sulis,username37,username37@ayohealthy.id
38,Agus Rudian,username38,username38@ayohealthy.id
39,Hasan,username39,username39@ayohealthy.id
40,M Yusuf,username40,username40@ayohealthy.id
41,Qomarudin,username41,username41@ayohealthy.id
42,Fadjar,username42,username42@ayohealthy.id
43,Hilda,username43,username43@ayohealthy.id
44,Andri,username44,username44@ayohealthy.id
45,Faiz,username45,username45@ayohealthy.id
46,Nadia,username46,username46@ayohealthy.id
47,EAndini,username47,username47@ayohealthy.id
48,Badrun,username48,username48@ayohealthy.id
49,Rifky,username49,username49@ayohealthy.id
50,Andhini,username50,username50@ayohealthy.id
51,Bahar,username51,username51@ayohealthy.id
52,Rohan,username52,username52@ayohealthy.id
53,Zaki,username53,username53@ayohealthy.id
54,Nana,username54,username54@ayohealthy.id
55,Puput,username55,username55@ayohealthy.id
56,Cecilia Liana,username56,username56@ayohealthy.id
57,Dwi Putra,username57,username57@ayohealthy.id
58,Samsul,username58,username58@ayohealthy.id
59,Arka,username59,username59@ayohealthy.id
60,Aldito,username60,username60@ayohealthy.id
61,Luis,username61,username61@ayohealthy.id
62,Tama ,username62,username62@ayohealthy.id
63,Rahma,username63,username63@ayohealthy.id
64,Gilang,username64,username64@ayohealthy.id
65,Keysa,username65,username65@ayohealthy.id
66,Sebastian,username66,username66@ayohealthy.id
67,Henrik,username67,username67@ayohealthy.id
68,Joshua,username68,username68@ayohealthy.id
69,Kiky,username69,username69@ayohealthy.id
70,Wildan,username70,username70@ayohealthy.id
71,Rayhan,username71,username71@ayohealthy.id
72,Rama,username72,username72@ayohealthy.id
79,Devario,username79,username79@ayohealthy.id
80,Helmi,username80,username80@ayohealthy.id
81,Nanda,username81,username81@ayohealthy.id
82,Remin,username82,username82@ayohealthy.id
83,Ilham,username83,username83@ayohealthy.id
84,Vincent,username84,username84@ayohealthy.id
85,Roy,username85,username85@ayohealthy.id
86,Mamat,username86,username86@ayohealthy.id
87,Eko,username87,username87@ayohealthy.id
88,Elsa,username88,username88@ayohealthy.id
89,Brian,username89,username89@ayohealthy.id
90,Ali,username90,username90@ayohealthy.id
91,Sulaiman,username91,username91@ayohealthy.id
92,Amir,username92,username92@ayohealthy.id
93,Khabil,username93,username93@ayohealthy.id
94,Naseer,username94,username94@ayohealthy.id
95,Ravi,username95,username95@ayohealthy.id
96,Tariq,username96,username96@ayohealthy.id
97,Eris,username97,username97@ayohealthy.id
98,Layla,username98,username98@ayohealthy.id
99,Daniel Saputra,username99,username99@ayohealthy.id
100,Riswanto,username100,username100@ayohealthy.id
101,Daffa,username101,username101@ayohealthy.id
102,Oliver,username102,username102@ayohealthy.id
103,Dudung,username103,username103@ayohealthy.id
104,Ghina,username104,username104@ayohealthy.id
105,Nurul,username105,username105@ayohealthy.id
106,Krisna,username106,username106@ayohealthy.id
107,Yuma,username107,username107@ayohealthy.id
108,Ririn,username108,username108@ayohealthy.id
109,Jaya,username109,username109@ayohealthy.id
110,Maya,username110,username110@ayohealthy.id
111,Budi,username111,username111@ayohealthy.id
112,Sandika,username112,username112@ayohealthy.id
113,Yanto,username113,username113@ayohealthy.id
114,Luki,username114,username114@ayohealthy.id
115,Fadli,username115,username115@ayohealthy.id
116,Anggita,username116,username116@ayohealthy.id
117,Dewi,username117,username117@ayohealthy.id
118,Ruth,username118,username118@ayohealthy.id
119,Kevin,username119,username119@ayohealthy.id
120,Arif Fakturozi,username120,username120@ayohealthy.id
121,Dodi Arkansyah,username121,username121@ayohealthy.id
122,Angelina Christy,username122,username122@ayohealthy.id
123,Yulius Gunz,username123,username123@ayohealthy.id
124,Marsha,username124,username124@ayohealthy.id
125,Devita Damayanti,username125,username125@ayohealthy.id
126,Harun,username126,username126@ayohealthy.id
127,Raindy,username127,username127@ayohealthy.id
128,Rero Winata,username128,username128@ayohealthy.id
129,Anggito,username129,username129@ayohealthy.id
130,Agus Setiawan,username130,username130@ayohealthy.id
131,Henni Pangestu,username131,username131@ayohealthy.id
132,Widya Iwid,username132,username132@ayohealthy.id
133,Ramziee,username133,username133@ayohealthy.id
134,Chaks,username134,username134@ayohealthy.id
135,Surya Adi,username135,username135@ayohealthy.id
136,Atang,username136,username136@ayohealthy.id
137,Christina,username137,username137@ayohealthy.id
138,Mikka,username138,username138@ayohealthy.id
139,Alvian Fikri,username139,username139@ayohealthy.id
140,Mayang,username140,username140@ayohealthy.id
141,Cicilia,username141,username141@ayohealthy.id
142,Ibot,username142,username142@ayohealthy.id
143,Sasha,username143,username143@ayohealthy.id
144,Eko S,username144,username144@ayohealthy.id
145,Jhocam,username145,username145@ayohealthy.id
146,Abbas,username146,username146@ayohealthy.id
147,Ghina,username147,username147@ayohealthy.id
148,Andre,username148,username148@ayohealthy.id
149,Yusril,username149,username149@ayohealthy.id
150,Putut,username150,username150@ayohealthy.id
151,Ecchan,username151,username151@ayohealthy.id
152,Ranggita WP,username152,username152@ayohealthy.id
